"id","title_cn","prompt_type","category","subject","education_level","audience","output_format","ai_tool_or_method","prompt_cn","use_case_cn","source_title","source_url","accessed_date"
"prompt-001","45分钟课时设计生成器","备课设计","AI for Teaching & Assessment","通用备课","小学/中学/高等教育","教师","课时教案","ChatGPT/Gemini/Copilot","你是一名有经验的课程设计师。请根据以下信息设计一节45分钟课：学科：[学科]；年级：[年级]；主题：[主题]；学生已有基础：[已有基础]；学习目标：[目标]；可用设备：[设备]。请输出：1. 学习目标；2. 导入活动；3. 核心讲解；4. 学生活动；5. 形成性评价；6. 分层支持；7. 板书/投影片大纲；8. 课后延伸。要求活动具体、时间分配清楚、不要编造课程标准。","用于快速生成一节可落地的课堂设计，教师再根据班级情况调整。","AI for Education Prompt Library","https://www.aiforeducation.io/prompt-library","2026-07-09"
"prompt-002","单元逆向设计规划器","备课设计","AI for Teaching & Assessment","通用单元设计","小学/中学/高等教育","教师/课程主任","单元计划表","ChatGPT/Gemini/Copilot","请用逆向设计方法帮我规划一个[课时数量]课时的单元。学科：[学科]；年级：[年级]；单元主题：[主题]；最终表现任务：[学生最终作品或任务]。请输出表格，列包括：课时、核心问题、学习目标、课堂活动、学生产出、评价证据、需要的材料。请另列出本单元可能的误解和教师追问问题。","用于把一个主题拆成学习成果、评价证据和连续课时。","Columbia CTL Prompt Library","https://ai.ctl.columbia.edu/explore/prompts/","2026-07-09"
"prompt-003","课堂活动三选一生成器","课堂活动","AI for Teaching & Assessment","通用课堂活动","小学/中学","教师","活动方案","ChatGPT/Gemini/Copilot","我正在教[年级][学科]的[主题]。请围绕学习目标：[目标]，设计3个不同风格的课堂活动：A 安静独立思考型；B 小组合作探究型；C 游戏/角色扮演型。每个活动请写：所需时间、教师指令、学生步骤、产出物、如何判断学生是否学会、可能风险和替代方案。","用于同一教学目标下快速比较不同活动形式。","Google for Education Ready-to-use AI prompts for teaching","https://edu.google.com/intl/ALL_us/resources/ai-for-k-12-educators/","2026-07-09"
"prompt-004","分层学习单生成器","差异化支持","AI for Teaching & Assessment","通用分层教学","小学/中学","教师","三层学习单","ChatGPT/Gemini/Copilot","请为[年级][学科]主题：[主题] 设计一份分层学习单。学生差异：[简述学生差异]。请输出三层任务：基础巩固、标准掌握、挑战拓展。每层都要包含：任务说明、示例、学生作答区、教师观察点、常见错误提醒。要求三层围绕同一核心目标，不要让基础层变成机械抄写。","用于同一主题下生成基础、标准、挑战三个层次的任务。","Teaching Channel 65 AI Prompts for Lesson Planning","https://www.teachingchannel.com/k12-hub/blog/65-ai-prompts-for-lesson-planning/","2026-07-09"
"prompt-005","Exit Ticket 出门条生成器","评价反馈","AI for Teaching & Assessment","形成性评价","小学/中学/高等教育","教师","出门条题目","ChatGPT/Gemini/Copilot","请为一节关于[主题]的课设计5个Exit Ticket问题。学习目标：[目标]。问题类型请包括：1个概念判断、1个应用题、1个解释题、1个自评题、1个下一步提问。请给出每题的参考答案或判断标准，并说明教师如何根据学生答案把学生分成“需要补救/基本掌握/可拓展”三组。","用于课尾快速检查理解，并为下节课分组或补救提供依据。","AI for Education Prompt Library","https://www.aiforeducation.io/prompt-library","2026-07-09"
"prompt-006","Rubric 评价量规生成器","评价反馈","AI for Teaching & Assessment","项目/写作/展示评价","小学/中学/高等教育","教师/学生","评价量规","ChatGPT/Gemini/Copilot","请为以下学生任务设计一份4级评价量规。任务：[任务描述]；年级：[年级]；学科：[学科]；学习目标：[目标]。请用表格输出：评价维度、4分表现、3分表现、2分表现、1分表现。维度不超过5个，语言要学生看得懂。最后给出一段学生自评提示语。","用于项目学习、写作任务或展示任务的评价标准。","Columbia CTL Prompt Library","https://ai.ctl.columbia.edu/explore/prompts/","2026-07-09"
"prompt-007","学生作业反馈助手","评价反馈","AI for Teaching & Assessment","通用作业反馈","小学/中学/高等教育","教师","反馈清单","ChatGPT/Gemini/Copilot","你是一名严谨但鼓励学生的教师。请根据评价标准给这份学生作品提供反馈。学科：[学科]；年级：[年级]；任务要求：[任务要求]；评价标准：[标准]；学生作品：[粘贴作品]。请输出：1. 两个做得好的地方；2. 一个最需要改进的地方；3. 具体修改建议；4. 一个追问问题。不要直接替学生重写整篇作品。","用于把学生作品转化为具体、温和、可操作的反馈。","Google for Education Ready-to-use AI prompts for teaching","https://edu.google.com/intl/ALL_us/resources/ai-for-k-12-educators/","2026-07-09"
"prompt-008","家校沟通短信/邮件草稿","家校沟通","AI for Teaching & Assessment","家校沟通","幼稚园/小学/中学","教师/学校行政","家长通知/邮件","ChatGPT/Gemini/Copilot","请帮我写一封给家长的[短信/邮件/通知]。对象：[年级/班级]家长；主题：[主题]；语气：专业、温和、简洁；必须包含：[关键信息]；希望家长做的事：[行动]；截止日期：[日期，如无则写无]。请分别给出简体中文版本和英文版本，每个版本不超过180字。不要包含学生隐私信息。","用于把课堂活动、学生进步或需要家长配合的事项写成清楚友善的家长信息。","Moreland University AI Prompts Guide","https://teach.moreland.edu/ai-prompts-guide","2026-07-09"
"prompt-009","特殊学习需要支持建议","学生支持","AI for Teaching & Assessment","特殊教育/学习支持","小学/中学","教师/学习支持团队","支持策略清单","ChatGPT/Gemini/Copilot","请为一名有[学习需要，如读写困难/注意力困难/语言支持需要]的[年级]学生，调整这个课堂任务：[任务描述]。请输出：1. 可能障碍；2. 保持同一学习目标的任务调整；3. 课堂提示语；4. 可视化/分步骤支架；5. 评价时可以接受的替代表达方式。请避免医学诊断，只给教学支持建议。","用于把同一课堂任务改写成更可进入的学习路径。","AI for Education Prompt Library","https://www.aiforeducation.io/prompt-library","2026-07-09"
"prompt-010","AI 素养课堂：可信度与幻觉检查","课堂活动","AI Literacy","AI素养","小学高年级/中学","教师/学生","课堂活动与学习单","ChatGPT/Gemini/Copilot","请设计一节关于“AI回答不一定正确”的AI素养课。年级：[年级]；学生已使用过的AI工具：[工具]；主题：[学科主题]。请生成：1. 一个含有2-3处可疑点的AI回答样例；2. 学生核查表；3. 小组讨论问题；4. 教师总结语；5. 课后反思题。要求学生必须回到可靠来源核查，不把AI当作最终答案。","用于教学生识别 AI 输出的不确定性和核查来源。","Microsoft Learn AI for education","https://learn.microsoft.com/en-us/training/educator-center/topics/ai-for-education","2026-07-09"
"prompt-011","数学概念多表征解释器","教材生成","AI+STEM","Math","小学/初中/高中","数学教师","概念讲解材料","ChatGPT/Gemini/Copilot","请用多表征方式解释数学概念：[概念]，面向[年级]学生。请输出：1. 一句话直觉解释；2. 生活类比；3. 符号表示；4. 图像/数轴/表格说明；5. 两个递进例题；6. 一个常见误解和纠正方法；7. 一个让学生自己解释的提问。不要跳过推理步骤。","用于把抽象数学概念转成图像、语言、例题和生活情境。","Google for Education Ready-to-use AI prompts for teaching","https://edu.google.com/intl/ALL_us/resources/ai-for-k-12-educators/","2026-07-09"
"prompt-012","数学错因诊断与补救练习","评价反馈","AI+STEM","Math","小学/初中/高中","数学教师","错因分析与练习","ChatGPT/Gemini/Copilot","请分析这个数学错误并设计补救练习。题目：[题目]；学生答案：[学生答案]；正确答案：[正确答案，如有]；年级：[年级]。请输出：1. 学生可能的错因；2. 教师追问问题；3. 一个微型讲解；4. 3道由易到难的补救题；5. 每题答案和关键步骤。不要只说“粗心”。","用于根据学生错误生成针对性补救题。","Teaching Channel 65 AI Prompts for Lesson Planning","https://www.teachingchannel.com/k12-hub/blog/65-ai-prompts-for-lesson-planning/","2026-07-09"
"prompt-013","真实情境数学应用题生成器","练习与作业","AI+STEM","Math","小学/初中/高中","数学教师","应用题与答案","ChatGPT/Gemini/Copilot","请围绕数学知识点：[知识点]，为[年级]学生设计5道真实情境应用题。场景尽量贴近[地区/学校生活/社区]。题目要由易到难，至少1题需要解释理由。请输出：题目、涉及知识点、解题步骤、答案、可接受的不同解法。避免使用不真实或无法核查的数据。","用于把数学知识和香港/本地生活场景连接起来。","AI for Education Prompt Library","https://www.aiforeducation.io/prompt-library","2026-07-09"
"prompt-014","数学建模小项目设计","项目学习","AI+STEM","Math","初中/高中","数学教师","项目任务书","ChatGPT/Gemini/Copilot","请设计一个[年级]数学建模小项目，主题：[真实问题]，需要用到：[数学知识点]。请输出：项目背景、驱动问题、数据来源建议、建模步骤、学生分工、最终作品格式、评价量规、AI可用和不可用的环节。请提醒学生说明假设和模型限制。","用于让学生用数据和模型解决真实问题。","Columbia CTL Prompt Library","https://ai.ctl.columbia.edu/explore/prompts/","2026-07-09"
"prompt-015","科学实验设计助手","备课设计","AI+STEM","Science","小学/初中/高中","科学教师","实验方案","ChatGPT/Gemini/Copilot","请帮我设计一个课堂科学实验。主题：[主题]；年级：[年级]；核心概念：[概念]；可用材料：[材料]；安全限制：[限制]。请输出：实验问题、假设、变量、步骤、数据记录表、预期现象、常见误差、安全提醒、讨论题。请避免危险材料或不可控步骤。","用于把科学问题转成安全、可操作的课堂实验。","Microsoft Learn AI for education","https://learn.microsoft.com/en-us/training/educator-center/topics/ai-for-education","2026-07-09"
"prompt-016","科学概念误解纠正器","评价反馈","AI+STEM","Science","小学/初中/高中","科学教师","误解诊断卡","ChatGPT/Gemini/Copilot","请针对科学概念：[概念]，列出[年级]学生最可能出现的5个误解。每个误解请给出：学生可能说的话、为什么会这样想、一个演示/类比/问题来纠正、教师追问、简短正确解释。请把解释控制在学生可理解水平。","用于将学生的错误想法转化为可讨论的概念冲突。","Google for Education Ready-to-use AI prompts for teaching","https://edu.google.com/intl/ALL_us/resources/ai-for-k-12-educators/","2026-07-09"
"prompt-017","科学探究问题生成器","项目学习","AI+STEM","Science","小学高年级/初中/高中","科学教师/学生","探究问题清单","ChatGPT/Gemini/Copilot","请围绕现象：[现象描述]，为[年级]学生生成10个科学探究问题。请按难度分为入门、标准、挑战三组。每个问题请说明：可观察/可测量的变量、需要的数据、可能的实验或资料来源、适合小组还是个人完成。剔除无法在学校条件下调查的问题。","用于引导学生从现象发展出可调查问题。","Teaching Channel 65 AI Prompts for Lesson Planning","https://www.teachingchannel.com/k12-hub/blog/65-ai-prompts-for-lesson-planning/","2026-07-09"
"prompt-018","科学阅读导读与证据标注","教材生成","AI+STEM","Science","初中/高中","科学教师","阅读学习单","ChatGPT/Gemini/Copilot","请把以下科学文本改造成一份阅读导读学习单。年级：[年级]；学习目标：[目标]；文本：[粘贴文本]。请输出：关键词表、段落主旨、3个证据定位问题、2个推理问题、1个质疑问题、学生需要回到原文标注的句子类型。不要替学生完成全部答案。","用于让学生阅读科学文章时抓关键词、证据和论证。","AI for Education Prompt Library","https://www.aiforeducation.io/prompt-library","2026-07-09"
"prompt-019","编程任务生成器","练习与作业","AI+STEM","Coding / CS","小学高年级/初中/高中/大学","编程教师","编程任务书","ChatGPT/Gemini/Copilot","请设计一个[语言，如Python/Scratch/JavaScript]编程任务，目标概念：[概念]；学生水平：[水平]；主题情境：[情境]。请输出：任务描述、输入输出要求、示例、分步提示、3组测试数据、拓展挑战、评分标准。不要直接给完整代码，除非我明确要求。","用于按学生水平生成有输入、输出和测试样例的编程任务。","Microsoft Learn AI for education","https://learn.microsoft.com/en-us/training/educator-center/topics/ai-for-education","2026-07-09"
"prompt-020","代码调试提示生成器","学生支持","AI+STEM","Coding / CS","初中/高中/大学","编程教师/学生","调试提示","ChatGPT/Gemini/Copilot","你是编程助教。请阅读学生代码并只提供逐步调试提示，不要直接给最终答案。任务要求：[任务要求]；学生代码：[粘贴代码]；错误信息或问题：[问题]。请输出：1. 代码当前可能在做什么；2. 最可能的3个问题；3. 逐步检查清单；4. 一个最小修改建议；5. 让学生自己验证的测试用例。","用于给学生提示而不是直接给答案。","Google for Education Ready-to-use AI prompts for teaching","https://edu.google.com/intl/ALL_us/resources/ai-for-k-12-educators/","2026-07-09"
"prompt-021","算法可视化讲解脚本","教材生成","AI+STEM","Coding / CS","初中/高中/大学","编程教师","讲解脚本","ChatGPT/Gemini/Copilot","请为算法：[算法名称] 生成一个面向[年级/水平]学生的可视化讲解脚本。请包含：生活类比、输入样例、逐步状态表、伪代码、复杂度直觉解释、学生容易误解的地方、课堂互动问题。请用简单文本描述图示，方便我制作投影片。","用于把抽象算法讲成可画、可演示的步骤。","Columbia CTL Prompt Library","https://ai.ctl.columbia.edu/explore/prompts/","2026-07-09"
"prompt-022","不插电计算思维活动","课堂活动","AI+STEM","Coding / CS","小学/初中","计算机教师/班主任","不插电活动","ChatGPT/Gemini/Copilot","请设计一个不需要电脑的计算思维活动。概念：[排序/条件判断/循环/算法/数据分类]；年级：[年级]；人数：[人数]；时间：[时间]。请输出：材料、规则、教师口令、学生步骤、变式、总结问题、如何连接到真实编程或AI概念。","用于没有电脑或低年级课堂的计算思维导入。","Microsoft Learn AI for education","https://learn.microsoft.com/en-us/training/educator-center/topics/ai-for-education","2026-07-09"
"prompt-023","英文分级阅读材料生成器","教材生成","AI+Humanities","Language","小学/初中/高中","英文教师","阅读材料与题目","ChatGPT/Gemini/Copilot","Please create a leveled English reading text for [grade/CEFR level] students. Topic: [topic]. Target vocabulary/grammar: [items]. Please provide: 1. a 250-word passage; 2. a simpler version; 3. 8 comprehension questions; 4. vocabulary support; 5. one speaking follow-up task. Keep the content age-appropriate and culturally sensitive.","用于同一主题生成不同难度英文阅读文本。","Google for Education Ready-to-use AI prompts for teaching","https://edu.google.com/intl/ALL_us/resources/ai-for-k-12-educators/","2026-07-09"
"prompt-024","英文口语角色扮演情境","课堂活动","AI+Humanities","Language","小学/初中/高中/成人教育","英文教师/学生","角色卡与对话任务","ChatGPT/Gemini/Copilot","请为[年级/英语水平]学生设计一个英文口语角色扮演。主题：[主题]；目标功能句：[如建议、请求、解释、反驳]；人数：[人数]。请输出：情境说明、角色卡、必须使用的表达、对话步骤、评分标准、降低难度版本、提高挑战版本。","用于训练口语功能句、互动策略和真实沟通。","AI for Education Prompt Library","https://www.aiforeducation.io/prompt-library","2026-07-09"
"prompt-025","英文写作反馈与修改建议","评价反馈","AI+Humanities","Language","小学高年级/初中/高中/大学","英文教师/学生","写作反馈","ChatGPT/Gemini/Copilot","Act as an English writing coach. Student level: [level]. Task: [writing task]. Rubric: [rubric]. Student writing: [paste text]. Give feedback in this structure: strengths, one priority improvement, sentence-level suggestions, vocabulary upgrade options, and two revision questions. Do not rewrite the whole essay. Keep the student voice.","用于给英文作文具体反馈，同时保留学生自己的表达。","Grow with Google Generative AI for Educators","https://grow.google/ai-for-educators/","2026-07-09"
"prompt-026","词汇学习活动包","练习与作业","AI+Humanities","Language","小学/初中/高中","语言教师","词汇活动包","ChatGPT/Gemini/Copilot","请为词汇表：[粘贴词汇] 设计一个语言学习活动包。学习者：[年级/水平]；主题语境：[语境]。请输出：词义简释、例句、同义/反义或搭配、填空题、配对题、短对话任务、一个小写作任务，并给出答案。","用于把词汇从背诵转成语境使用。","Teaching Channel 65 AI Prompts for Lesson Planning","https://www.teachingchannel.com/k12-hub/blog/65-ai-prompts-for-lesson-planning/","2026-07-09"
"prompt-027","中文阅读导读问题","教材生成","AI+Humanities","中文","小学/初中/高中","中文教师","阅读导读单","ChatGPT/Gemini/Copilot","请为[年级]中文课文本：[文本标题/粘贴文本] 设计阅读导读。教学重点：[重点]。请输出：课前预测问题、关键词解释、段落理解问题、人物/观点/结构分析问题、证据定位题、开放讨论题、一个写作延伸。问题要由浅入深，避免直接给标准答案。","用于小说、散文、说明文或议论文的课前/课中阅读。","AI for Education Prompt Library","https://www.aiforeducation.io/prompt-library","2026-07-09"
"prompt-028","中文作文支架与范例分析","差异化支持","AI+Humanities","中文","小学高年级/初中/高中","中文教师/学生","写作支架","ChatGPT/Gemini/Copilot","请为作文题目：[题目] 设计写作支架，适合[年级]学生。请输出：审题提醒、可选立意、结构模板、素材提问清单、开头方式、过渡句建议、结尾方式、修改检查表。请另给一段“中等水平范例”的分析，但不要给可直接照抄的完整范文。","用于帮助学生构思、组织和修改中文写作。","Google for Education Ready-to-use AI prompts for teaching","https://edu.google.com/intl/ALL_us/resources/ai-for-k-12-educators/","2026-07-09"
"prompt-029","历史一手资料分析学习单","课堂活动","AI+Humanities","历史/人文","初中/高中/大学","历史教师","资料分析学习单","ChatGPT/Gemini/Copilot","请为这份历史资料设计分析学习单。资料：[粘贴文本/图片描述]；主题：[主题]；年级：[年级]。请输出：背景提示、作者/出处问题、内容理解问题、立场与偏见问题、与另一资料比较的问题、证据引用句式、课堂讨论问题。请提醒学生区分事实、观点和推论。","用于引导学生从出处、语境、立场和证据分析历史材料。","Columbia CTL Prompt Library","https://ai.ctl.columbia.edu/explore/prompts/","2026-07-09"
"prompt-030","社会议题辩论准备单","课堂活动","AI+Social Sciences","社会研究/公民教育","初中/高中/大学","社会科教师/学生","辩论准备单","ChatGPT/Gemini/Copilot","请围绕社会议题：[议题] 设计一份学生辩论准备单。学生年级：[年级]。请输出：正反双方可能论点、每方需要查证的数据或案例、可能反驳、关键概念解释、辩论规则、评价量规、课后反思题。请避免替学生编造统计数据，明确哪些信息需要自行查证。","用于训练论证、证据、反驳和观点平衡。","AI for Education Prompt Library","https://www.aiforeducation.io/prompt-library","2026-07-09"
"prompt-031","视觉艺术创作任务书","项目学习","AI+Humanities","Arts & Design","小学/初中/高中/大学","艺术教师/设计教师","创作简报","ChatGPT/Gemini/Copilot/图像生成工具","请为[年级]学生设计一个视觉艺术/设计创作任务。主题：[主题]；媒介：[绘画/摄影/海报/装置/数字设计]；希望学习的艺术概念：[概念]。请输出：创作简报、限制条件、灵感搜集步骤、草图要求、同伴反馈问题、评价量规、AI图像工具可用边界和署名说明。","用于把艺术创作任务写成清楚的设计简报和评价标准。","Google for Education Ready-to-use AI prompts for teaching","https://edu.google.com/intl/ALL_us/resources/ai-for-k-12-educators/","2026-07-09"
"prompt-032","音乐课堂创作活动","课堂活动","AI+Humanities","Arts & Design","小学/初中/高中","音乐教师","音乐活动方案","ChatGPT/Gemini/Copilot/音乐生成工具","请设计一个[年级]音乐创作活动。主题：[主题]；音乐元素：[节奏/旋律/和声/歌词/配器]；工具：[可用工具]；时间：[时间]。请输出：导入聆听、创作步骤、小组分工、AI音乐工具使用规则、学生作品要求、展示方式、评价标准和版权/署名提醒。","用于音乐元素、节奏、歌词或配乐创作活动。","Microsoft Learn AI for education","https://learn.microsoft.com/en-us/training/educator-center/topics/ai-for-education","2026-07-09"
"prompt-033","STEAM 工程设计挑战","项目学习","AI+STEM","Integrated STEM","小学高年级/初中/高中","STEAM教师","项目挑战书","ChatGPT/Gemini/Copilot","请设计一个STEAM工程设计挑战。真实问题：[问题]；年级：[年级]；可用材料：[材料]；涉及学科：[学科]。请输出：挑战背景、设计约束、成功标准、原型制作步骤、测试数据表、迭代记录表、团队角色、展示要求、评价量规。请加入AI可辅助构思但不能替代测试的说明。","用于真实问题、原型制作和测试迭代。","Teaching Channel 65 AI Prompts for Lesson Planning","https://www.teachingchannel.com/k12-hub/blog/65-ai-prompts-for-lesson-planning/","2026-07-09"
"prompt-034","产品/服务设计访谈脚本","项目学习","AI+Social Sciences","Business / Economics","高中/大学","商科/经济/设计教师","访谈脚本与分析表","ChatGPT/Gemini/Copilot","请为学生产品/服务设计项目生成用户访谈脚本。项目主题：[主题]；目标用户：[用户群]；课程：[课程]。请输出：访谈目标、10个开放问题、不能问的诱导性问题、记录表模板、如何把访谈结果转成需求洞察、学生伦理提醒。请避免收集敏感个人资料。","用于商业、经济或设计课程中的用户研究项目。","Columbia CTL Prompt Library","https://ai.ctl.columbia.edu/explore/prompts/","2026-07-09"
"prompt-035","经济学案例模拟","课堂活动","AI+Social Sciences","Business / Economics","高中/大学","经济/商科教师","案例模拟活动","ChatGPT/Gemini/Copilot","请设计一个经济学课堂案例模拟。概念：[概念]；年级/课程：[年级或课程]；情境：[市场/企业/公共政策情境]。请输出：角色设定、背景资料、每轮决策规则、数据记录表、讨论问题、概念连接、评价标准。请标注哪些数字是假设数据，哪些需要学生查证。","用于把供需、机会成本、市场失灵等概念转成决策情境。","AI for Education Prompt Library","https://www.aiforeducation.io/prompt-library","2026-07-09"
"prompt-036","数据图表解读任务","课堂活动","AI+Social Sciences","社会科学/数据素养","初中/高中/大学","社会科/数学/商科教师","图表解读学习单","ChatGPT/Gemini/Copilot","请基于以下数据或图表描述设计一份图表解读学习单。主题：[主题]；年级：[年级]；数据/图表：[粘贴数据或描述]。请输出：读图步骤、基础读取题、比较分析题、解释原因题、数据限制题、延伸调查题、参考答案。请提醒学生不要把相关关系直接说成因果关系。","用于训练学生从图表中读趋势、比较、异常和限制。","Grow with Google Generative AI for Educators","https://grow.google/ai-for-educators/","2026-07-09"
"prompt-037","数学证明思路脚手架","学生支持","AI+STEM","Math","初中/高中","数学教师/学生","证明提示卡","ChatGPT/Gemini/Copilot/通义千问","你是一名有经验的教学助理。请围绕「数学证明」为[年级/课程]设计可直接用于课堂的证明提示卡。背景：学科或课程为[学科/课程]；主题为[主题]；学生已有基础为[学生基础]；课堂时间为[时间]；可用工具为[工具/设备]。请输出：学生可能遇到的障碍、保持目标不变的支架、逐步提示、可视化工具、替代表达方式和鼓励性反馈语。最后请列出需要教师人工核查或本地化的信息。","用于Math课堂中围绕「数学证明」快速生成证明提示卡，适合教师复制后替换年级、主题和学生基础再使用。","AI for Education Prompt Library","https://www.aiforeducation.io/prompt-library","2026-07-09"
"prompt-038","几何图形观察问题生成器","课堂活动","AI+STEM","Math","小学高年级/初中/高中","数学教师","观察问题清单","ChatGPT/Gemini/Copilot/通义千问","你是一名有经验的教师教练。请围绕「几何观察」为[年级/课程]设计可直接用于课堂的观察问题清单。背景：学科或课程为[学科/课程]；主题为[主题]；学生已有基础为[学生基础]；课堂时间为[时间]；可用工具为[工具/设备]。请输出：导入、活动规则、学生步骤、小组安排、教师巡视问题、产出物、分享方式、形成性评价和备用方案。最后请列出需要教师人工核查或本地化的信息。","用于Math课堂中围绕「几何观察」快速生成观察问题清单，适合教师复制后替换年级、主题和学生基础再使用。","Google for Education Ready-to-use AI prompts for teaching","https://edu.google.com/intl/ALL_us/resources/ai-for-k-12-educators/","2026-07-09"
"prompt-039","统计调查任务设计器","项目学习","AI+STEM","Math","初中/高中","数学教师","调查项目任务书","ChatGPT/Gemini/Copilot/通义千问","你是一名有经验的教师教练。请围绕「统计调查」为[年级/课程]设计可直接用于课堂的调查项目任务书。背景：学科或课程为[学科/课程]；主题为[主题]；学生已有基础为[学生基础]；课堂时间为[时间]；可用工具为[工具/设备]。请输出：驱动问题、项目步骤、分工建议、过程检查点、最终作品要求、评价量规、AI可用边界和学生反思问题。最后请列出需要教师人工核查或本地化的信息。","用于Math课堂中围绕「统计调查」快速生成调查项目任务书，适合教师复制后替换年级、主题和学生基础再使用。","Microsoft Learn AI for education","https://learn.microsoft.com/en-us/training/educator-center/topics/ai-for-education","2026-07-09"
"prompt-040","函数图像探索活动","课堂活动","AI+STEM","Math","初中/高中","数学教师","函数探索活动","ChatGPT/Gemini/Copilot/通义千问","你是一名有经验的教师教练。请围绕「函数图像」为[年级/课程]设计可直接用于课堂的函数探索活动。背景：学科或课程为[学科/课程]；主题为[主题]；学生已有基础为[学生基础]；课堂时间为[时间]；可用工具为[工具/设备]。请输出：导入、活动规则、学生步骤、小组安排、教师巡视问题、产出物、分享方式、形成性评价和备用方案。最后请列出需要教师人工核查或本地化的信息。","用于Math课堂中围绕「函数图像」快速生成函数探索活动，适合教师复制后替换年级、主题和学生基础再使用。","Columbia CTL Prompt Library","https://ai.ctl.columbia.edu/explore/prompts/","2026-07-09"
"prompt-041","数学复习诊断小测","评价反馈","AI+STEM","Math","小学/初中/高中","数学教师","诊断测验","ChatGPT/Gemini/Copilot/通义千问","你是一名有经验的教师教练。请围绕「单元复习」为[年级/课程]设计可直接用于课堂的诊断测验。背景：学科或课程为[学科/课程]；主题为[主题]；学生已有基础为[学生基础]；课堂时间为[时间]；可用工具为[工具/设备]。请输出：评价维度、观察证据、反馈句式、学生自评问题、下一步改进建议。反馈要具体、鼓励，不要替学生完成作品。最后请列出需要教师人工核查或本地化的信息。","用于Math课堂中围绕「单元复习」快速生成诊断测验，适合教师复制后替换年级、主题和学生基础再使用。","Teaching Channel 65 AI Prompts for Lesson Planning","https://www.teachingchannel.com/k12-hub/blog/65-ai-prompts-for-lesson-planning/","2026-07-09"
"prompt-042","数学游戏化练习设计","练习与作业","AI+STEM","Math","小学/初中","数学教师","游戏化练习","ChatGPT/Gemini/Copilot/通义千问","你是一名有经验的教师教练。请围绕「数学练习」为[年级/课程]设计可直接用于课堂的游戏化练习。背景：学科或课程为[学科/课程]；主题为[主题]；学生已有基础为[学生基础]；课堂时间为[时间]；可用工具为[工具/设备]。请输出：5-8个由易到难的任务、答案或评分要点、常见错误提醒、给快速完成学生的挑战题，以及给需要支持学生的提示。最后请列出需要教师人工核查或本地化的信息。","用于Math课堂中围绕「数学练习」快速生成游戏化练习，适合教师复制后替换年级、主题和学生基础再使用。","Moreland University AI Prompts Guide","https://teach.moreland.edu/ai-prompts-guide","2026-07-09"
"prompt-043","数学词汇双语解释卡","教材生成","AI+STEM","Math","小学/初中/高中","数学教师/双语教师","术语解释卡","ChatGPT/Gemini/Copilot/通义千问","你是一名有经验的教师教练。请围绕「数学术语」为[年级/课程]设计可直接用于课堂的术语解释卡。背景：学科或课程为[学科/课程]；主题为[主题]；学生已有基础为[学生基础]；课堂时间为[时间]；可用工具为[工具/设备]。请输出：教师说明、学生材料、例子、分步支架、练习题、参考答案或判断标准、可降低难度和提高挑战的改写版本。最后请列出需要教师人工核查或本地化的信息。","用于Math课堂中围绕「数学术语」快速生成术语解释卡，适合教师复制后替换年级、主题和学生基础再使用。","Grow with Google Generative AI for Educators","https://grow.google/ai-for-educators/","2026-07-09"
"prompt-044","多解法比较讨论单","课堂活动","AI+STEM","Math","初中/高中","数学教师","讨论学习单","ChatGPT/Gemini/Copilot/通义千问","你是一名有经验的教师教练。请围绕「多解法比较」为[年级/课程]设计可直接用于课堂的讨论学习单。背景：学科或课程为[学科/课程]；主题为[主题]；学生已有基础为[学生基础]；课堂时间为[时间]；可用工具为[工具/设备]。请输出：导入、活动规则、学生步骤、小组安排、教师巡视问题、产出物、分享方式、形成性评价和备用方案。最后请列出需要教师人工核查或本地化的信息。","用于Math课堂中围绕「多解法比较」快速生成讨论学习单，适合教师复制后替换年级、主题和学生基础再使用。","AI for Education Prompt Library","https://www.aiforeducation.io/prompt-library","2026-07-09"
"prompt-045","科学现象三层解释","教材生成","AI+STEM","Science","小学/初中/高中","科学教师","三层解释材料","ChatGPT/Gemini/Copilot/通义千问","你是一名有经验的教师教练。请围绕「科学现象」为[年级/课程]设计可直接用于课堂的三层解释材料。背景：学科或课程为[学科/课程]；主题为[主题]；学生已有基础为[学生基础]；课堂时间为[时间]；可用工具为[工具/设备]。请输出：教师说明、学生材料、例子、分步支架、练习题、参考答案或判断标准、可降低难度和提高挑战的改写版本。最后请列出需要教师人工核查或本地化的信息。","用于Science课堂中围绕「科学现象」快速生成三层解释材料，适合教师复制后替换年级、主题和学生基础再使用。","Google for Education Ready-to-use AI prompts for teaching","https://edu.google.com/intl/ALL_us/resources/ai-for-k-12-educators/","2026-07-09"
"prompt-046","实验安全风险检查表","备课设计","AI+STEM","Science","小学/初中/高中","科学教师/实验员","安全检查表","ChatGPT/Gemini/Copilot/通义千问","你是一名有经验的教师教练。请围绕「实验安全」为[年级/课程]设计可直接用于课堂的安全检查表。背景：学科或课程为[学科/课程]；主题为[主题]；学生已有基础为[学生基础]；课堂时间为[时间]；可用工具为[工具/设备]。请输出：学习目标、关键概念、教学流程、教师提问、学生活动、材料准备、风险提醒、课后延伸。要求时间分配清楚，活动可执行。最后请列出需要教师人工核查或本地化的信息。","用于Science课堂中围绕「实验安全」快速生成安全检查表，适合教师复制后替换年级、主题和学生基础再使用。","Microsoft Learn AI for education","https://learn.microsoft.com/en-us/training/educator-center/topics/ai-for-education","2026-07-09"
"prompt-047","CER科学论证学习单","课堂活动","AI+STEM","Science","初中/高中","科学教师","CER学习单","ChatGPT/Gemini/Copilot/通义千问","你是一名有经验的教师教练。请围绕「证据推理」为[年级/课程]设计可直接用于课堂的CER学习单。背景：学科或课程为[学科/课程]；主题为[主题]；学生已有基础为[学生基础]；课堂时间为[时间]；可用工具为[工具/设备]。请输出：导入、活动规则、学生步骤、小组安排、教师巡视问题、产出物、分享方式、形成性评价和备用方案。最后请列出需要教师人工核查或本地化的信息。","用于Science课堂中围绕「证据推理」快速生成CER学习单，适合教师复制后替换年级、主题和学生基础再使用。","Columbia CTL Prompt Library","https://ai.ctl.columbia.edu/explore/prompts/","2026-07-09"
"prompt-048","数据记录表与图表建议","教材生成","AI+STEM","Science","小学/初中/高中","科学教师","数据记录表","ChatGPT/Gemini/Copilot/通义千问","你是一名有经验的教师教练。请围绕「实验数据」为[年级/课程]设计可直接用于课堂的数据记录表。背景：学科或课程为[学科/课程]；主题为[主题]；学生已有基础为[学生基础]；课堂时间为[时间]；可用工具为[工具/设备]。请输出：教师说明、学生材料、例子、分步支架、练习题、参考答案或判断标准、可降低难度和提高挑战的改写版本。最后请列出需要教师人工核查或本地化的信息。","用于Science课堂中围绕「实验数据」快速生成数据记录表，适合教师复制后替换年级、主题和学生基础再使用。","Teaching Channel 65 AI Prompts for Lesson Planning","https://www.teachingchannel.com/k12-hub/blog/65-ai-prompts-for-lesson-planning/","2026-07-09"
"prompt-049","虚拟实验预习任务","练习与作业","AI+STEM","Science","初中/高中","科学教师","预习任务单","ChatGPT/Gemini/Copilot/通义千问","你是一名有经验的教师教练。请围绕「虚拟实验」为[年级/课程]设计可直接用于课堂的预习任务单。背景：学科或课程为[学科/课程]；主题为[主题]；学生已有基础为[学生基础]；课堂时间为[时间]；可用工具为[工具/设备]。请输出：5-8个由易到难的任务、答案或评分要点、常见错误提醒、给快速完成学生的挑战题，以及给需要支持学生的提示。最后请列出需要教师人工核查或本地化的信息。","用于Science课堂中围绕「虚拟实验」快速生成预习任务单，适合教师复制后替换年级、主题和学生基础再使用。","Moreland University AI Prompts Guide","https://teach.moreland.edu/ai-prompts-guide","2026-07-09"
"prompt-050","科学新闻可信度分析","课堂活动","AI+STEM","Science","初中/高中","科学教师/学生","新闻分析表","ChatGPT/Gemini/Copilot/通义千问","你是一名有经验的教学助理。请围绕「科学新闻」为[年级/课程]设计可直接用于课堂的新闻分析表。背景：学科或课程为[学科/课程]；主题为[主题]；学生已有基础为[学生基础]；课堂时间为[时间]；可用工具为[工具/设备]。请输出：导入、活动规则、学生步骤、小组安排、教师巡视问题、产出物、分享方式、形成性评价和备用方案。最后请列出需要教师人工核查或本地化的信息。","用于Science课堂中围绕「科学新闻」快速生成新闻分析表，适合教师复制后替换年级、主题和学生基础再使用。","Grow with Google Generative AI for Educators","https://grow.google/ai-for-educators/","2026-07-09"
"prompt-051","科学概念图生成器","教材生成","AI+STEM","Science","小学/初中/高中","科学教师","概念图说明","ChatGPT/Gemini/Copilot/通义千问","你是一名有经验的教师教练。请围绕「概念关系」为[年级/课程]设计可直接用于课堂的概念图说明。背景：学科或课程为[学科/课程]；主题为[主题]；学生已有基础为[学生基础]；课堂时间为[时间]；可用工具为[工具/设备]。请输出：教师说明、学生材料、例子、分步支架、练习题、参考答案或判断标准、可降低难度和提高挑战的改写版本。最后请列出需要教师人工核查或本地化的信息。","用于Science课堂中围绕「概念关系」快速生成概念图说明，适合教师复制后替换年级、主题和学生基础再使用。","AI for Education Prompt Library","https://www.aiforeducation.io/prompt-library","2026-07-09"
"prompt-052","实验后反思问题包","评价反馈","AI+STEM","Science","小学/初中/高中","科学教师","反思问题包","ChatGPT/Gemini/Copilot/通义千问","你是一名有经验的教师教练。请围绕「实验反思」为[年级/课程]设计可直接用于课堂的反思问题包。背景：学科或课程为[学科/课程]；主题为[主题]；学生已有基础为[学生基础]；课堂时间为[时间]；可用工具为[工具/设备]。请输出：评价维度、观察证据、反馈句式、学生自评问题、下一步改进建议。反馈要具体、鼓励，不要替学生完成作品。最后请列出需要教师人工核查或本地化的信息。","用于Science课堂中围绕「实验反思」快速生成反思问题包，适合教师复制后替换年级、主题和学生基础再使用。","Google for Education Ready-to-use AI prompts for teaching","https://edu.google.com/intl/ALL_us/resources/ai-for-k-12-educators/","2026-07-09"
"prompt-053","Scratch故事编程任务","项目学习","AI+STEM","Coding / CS","小学/初中","编程教师","Scratch项目任务书","ChatGPT/Gemini/Copilot/通义千问","你是一名有经验的教师教练。请围绕「故事编程」为[年级/课程]设计可直接用于课堂的Scratch项目任务书。背景：学科或课程为[学科/课程]；主题为[主题]；学生已有基础为[学生基础]；课堂时间为[时间]；可用工具为[工具/设备]。请输出：驱动问题、项目步骤、分工建议、过程检查点、最终作品要求、评价量规、AI可用边界和学生反思问题。最后请列出需要教师人工核查或本地化的信息。","用于Coding / CS课堂中围绕「故事编程」快速生成Scratch项目任务书，适合教师复制后替换年级、主题和学生基础再使用。","Microsoft Learn AI for education","https://learn.microsoft.com/en-us/training/educator-center/topics/ai-for-education","2026-07-09"
"prompt-054","Python函数递进练习","练习与作业","AI+STEM","Coding / CS","初中/高中/大学","编程教师","递进练习题","ChatGPT/Gemini/Copilot/通义千问","你是一名有经验的教师教练。请围绕「Python函数」为[年级/课程]设计可直接用于课堂的递进练习题。背景：学科或课程为[学科/课程]；主题为[主题]；学生已有基础为[学生基础]；课堂时间为[时间]；可用工具为[工具/设备]。请输出：5-8个由易到难的任务、答案或评分要点、常见错误提醒、给快速完成学生的挑战题，以及给需要支持学生的提示。最后请列出需要教师人工核查或本地化的信息。","用于Coding / CS课堂中围绕「Python函数」快速生成递进练习题，适合教师复制后替换年级、主题和学生基础再使用。","Columbia CTL Prompt Library","https://ai.ctl.columbia.edu/explore/prompts/","2026-07-09"
"prompt-055","数据清洗挑战任务","项目学习","AI+STEM","Coding / CS","高中/大学","编程/数据教师","数据任务书","ChatGPT/Gemini/Copilot/通义千问","你是一名有经验的教师教练。请围绕「数据清洗」为[年级/课程]设计可直接用于课堂的数据任务书。背景：学科或课程为[学科/课程]；主题为[主题]；学生已有基础为[学生基础]；课堂时间为[时间]；可用工具为[工具/设备]。请输出：驱动问题、项目步骤、分工建议、过程检查点、最终作品要求、评价量规、AI可用边界和学生反思问题。最后请列出需要教师人工核查或本地化的信息。","用于Coding / CS课堂中围绕「数据清洗」快速生成数据任务书，适合教师复制后替换年级、主题和学生基础再使用。","Teaching Channel 65 AI Prompts for Lesson Planning","https://www.teachingchannel.com/k12-hub/blog/65-ai-prompts-for-lesson-planning/","2026-07-09"
"prompt-056","AI模型训练课堂讨论","课堂活动","AI+STEM","Coding / CS","初中/高中","AI/计算机教师","讨论活动","ChatGPT/Gemini/Copilot/通义千问","你是一名有经验的教师教练。请围绕「模型训练」为[年级/课程]设计可直接用于课堂的讨论活动。背景：学科或课程为[学科/课程]；主题为[主题]；学生已有基础为[学生基础]；课堂时间为[时间]；可用工具为[工具/设备]。请输出：导入、活动规则、学生步骤、小组安排、教师巡视问题、产出物、分享方式、形成性评价和备用方案。最后请列出需要教师人工核查或本地化的信息。","用于Coding / CS课堂中围绕「模型训练」快速生成讨论活动，适合教师复制后替换年级、主题和学生基础再使用。","Moreland University AI Prompts Guide","https://teach.moreland.edu/ai-prompts-guide","2026-07-09"
"prompt-057","代码阅读提问清单","课堂活动","AI+STEM","Coding / CS","初中/高中/大学","编程教师","代码阅读单","ChatGPT/Gemini/Copilot/通义千问","你是一名有经验的教师教练。请围绕「代码理解」为[年级/课程]设计可直接用于课堂的代码阅读单。背景：学科或课程为[学科/课程]；主题为[主题]；学生已有基础为[学生基础]；课堂时间为[时间]；可用工具为[工具/设备]。请输出：导入、活动规则、学生步骤、小组安排、教师巡视问题、产出物、分享方式、形成性评价和备用方案。最后请列出需要教师人工核查或本地化的信息。","用于Coding / CS课堂中围绕「代码理解」快速生成代码阅读单，适合教师复制后替换年级、主题和学生基础再使用。","Grow with Google Generative AI for Educators","https://grow.google/ai-for-educators/","2026-07-09"
"prompt-058","算法效率比较活动","课堂活动","AI+STEM","Coding / CS","高中/大学","编程教师","算法比较活动","ChatGPT/Gemini/Copilot/通义千问","你是一名有经验的教师教练。请围绕「算法效率」为[年级/课程]设计可直接用于课堂的算法比较活动。背景：学科或课程为[学科/课程]；主题为[主题]；学生已有基础为[学生基础]；课堂时间为[时间]；可用工具为[工具/设备]。请输出：导入、活动规则、学生步骤、小组安排、教师巡视问题、产出物、分享方式、形成性评价和备用方案。最后请列出需要教师人工核查或本地化的信息。","用于Coding / CS课堂中围绕「算法效率」快速生成算法比较活动，适合教师复制后替换年级、主题和学生基础再使用。","AI for Education Prompt Library","https://www.aiforeducation.io/prompt-library","2026-07-09"
"prompt-059","网络安全情境判断题","练习与作业","AI+STEM","Coding / CS","小学高年级/初中/高中","计算机教师","情境题","ChatGPT/Gemini/Copilot/通义千问","你是一名有经验的教师教练。请围绕「网络安全」为[年级/课程]设计可直接用于课堂的情境题。背景：学科或课程为[学科/课程]；主题为[主题]；学生已有基础为[学生基础]；课堂时间为[时间]；可用工具为[工具/设备]。请输出：5-8个由易到难的任务、答案或评分要点、常见错误提醒、给快速完成学生的挑战题，以及给需要支持学生的提示。最后请列出需要教师人工核查或本地化的信息。","用于Coding / CS课堂中围绕「网络安全」快速生成情境题，适合教师复制后替换年级、主题和学生基础再使用。","Google for Education Ready-to-use AI prompts for teaching","https://edu.google.com/intl/ALL_us/resources/ai-for-k-12-educators/","2026-07-09"
"prompt-060","Git小组协作流程单","项目学习","AI+STEM","Coding / CS","高中/大学","编程教师/学生","协作流程单","ChatGPT/Gemini/Copilot/通义千问","你是一名有经验的教学助理。请围绕「Git协作」为[年级/课程]设计可直接用于课堂的协作流程单。背景：学科或课程为[学科/课程]；主题为[主题]；学生已有基础为[学生基础]；课堂时间为[时间]；可用工具为[工具/设备]。请输出：驱动问题、项目步骤、分工建议、过程检查点、最终作品要求、评价量规、AI可用边界和学生反思问题。最后请列出需要教师人工核查或本地化的信息。","用于Coding / CS课堂中围绕「Git协作」快速生成协作流程单，适合教师复制后替换年级、主题和学生基础再使用。","Microsoft Learn AI for education","https://learn.microsoft.com/en-us/training/educator-center/topics/ai-for-education","2026-07-09"
"prompt-061","英文听力前中后活动包","课堂活动","AI+Humanities","Language","小学/初中/高中","英文教师","听力活动包","ChatGPT/Gemini/Copilot/通义千问","你是一名有经验的教师教练。请围绕「英文听力」为[年级/课程]设计可直接用于课堂的听力活动包。背景：学科或课程为[学科/课程]；主题为[主题]；学生已有基础为[学生基础]；课堂时间为[时间]；可用工具为[工具/设备]。请输出：导入、活动规则、学生步骤、小组安排、教师巡视问题、产出物、分享方式、形成性评价和备用方案。最后请列出需要教师人工核查或本地化的信息。","用于Language课堂中围绕「英文听力」快速生成听力活动包，适合教师复制后替换年级、主题和学生基础再使用。","Columbia CTL Prompt Library","https://ai.ctl.columbia.edu/explore/prompts/","2026-07-09"
"prompt-062","英文辩论句架生成器","教材生成","AI+Humanities","Language","初中/高中/大学","英文教师/学生","辩论句架","ChatGPT/Gemini/Copilot/通义千问","你是一名有经验的教学助理。请围绕「英文辩论」为[年级/课程]设计可直接用于课堂的辩论句架。背景：学科或课程为[学科/课程]；主题为[主题]；学生已有基础为[学生基础]；课堂时间为[时间]；可用工具为[工具/设备]。请输出：教师说明、学生材料、例子、分步支架、练习题、参考答案或判断标准、可降低难度和提高挑战的改写版本。最后请列出需要教师人工核查或本地化的信息。","用于Language课堂中围绕「英文辩论」快速生成辩论句架，适合教师复制后替换年级、主题和学生基础再使用。","Teaching Channel 65 AI Prompts for Lesson Planning","https://www.teachingchannel.com/k12-hub/blog/65-ai-prompts-for-lesson-planning/","2026-07-09"
"prompt-063","英文语法微课脚本","备课设计","AI+Humanities","Language","小学/初中/高中","英文教师","微课脚本","ChatGPT/Gemini/Copilot/通义千问","你是一名有经验的教师教练。请围绕「英文语法」为[年级/课程]设计可直接用于课堂的微课脚本。背景：学科或课程为[学科/课程]；主题为[主题]；学生已有基础为[学生基础]；课堂时间为[时间]；可用工具为[工具/设备]。请输出：学习目标、关键概念、教学流程、教师提问、学生活动、材料准备、风险提醒、课后延伸。要求时间分配清楚，活动可执行。最后请列出需要教师人工核查或本地化的信息。","用于Language课堂中围绕「英文语法」快速生成微课脚本，适合教师复制后替换年级、主题和学生基础再使用。","Moreland University AI Prompts Guide","https://teach.moreland.edu/ai-prompts-guide","2026-07-09"
"prompt-064","英文阅读分层问题","差异化支持","AI+Humanities","Language","小学/初中/高中","英文教师","分层阅读题","ChatGPT/Gemini/Copilot/通义千问","你是一名有经验的教师教练。请围绕「英文阅读」为[年级/课程]设计可直接用于课堂的分层阅读题。背景：学科或课程为[学科/课程]；主题为[主题]；学生已有基础为[学生基础]；课堂时间为[时间]；可用工具为[工具/设备]。请输出：基础版、标准版、挑战版三组任务；每组保留同一学习目标，并给出教师巡视观察点和学生可用支架。最后请列出需要教师人工核查或本地化的信息。","用于Language课堂中围绕「英文阅读」快速生成分层阅读题，适合教师复制后替换年级、主题和学生基础再使用。","Grow with Google Generative AI for Educators","https://grow.google/ai-for-educators/","2026-07-09"
"prompt-065","古诗词意象赏析单","课堂活动","AI+Humanities","中文","小学高年级/初中/高中","中文教师","赏析学习单","ChatGPT/Gemini/Copilot/通义千问","你是一名有经验的教师教练。请围绕「古诗词」为[年级/课程]设计可直接用于课堂的赏析学习单。背景：学科或课程为[学科/课程]；主题为[主题]；学生已有基础为[学生基础]；课堂时间为[时间]；可用工具为[工具/设备]。请输出：导入、活动规则、学生步骤、小组安排、教师巡视问题、产出物、分享方式、形成性评价和备用方案。最后请列出需要教师人工核查或本地化的信息。","用于中文课堂中围绕「古诗词」快速生成赏析学习单，适合教师复制后替换年级、主题和学生基础再使用。","AI for Education Prompt Library","https://www.aiforeducation.io/prompt-library","2026-07-09"
"prompt-066","中文口语讨论圈问题","课堂活动","AI+Humanities","中文","小学/初中/高中","中文教师","讨论问题","ChatGPT/Gemini/Copilot/通义千问","你是一名有经验的教师教练。请围绕「中文口语」为[年级/课程]设计可直接用于课堂的讨论问题。背景：学科或课程为[学科/课程]；主题为[主题]；学生已有基础为[学生基础]；课堂时间为[时间]；可用工具为[工具/设备]。请输出：导入、活动规则、学生步骤、小组安排、教师巡视问题、产出物、分享方式、形成性评价和备用方案。最后请列出需要教师人工核查或本地化的信息。","用于中文课堂中围绕「中文口语」快速生成讨论问题，适合教师复制后替换年级、主题和学生基础再使用。","Google for Education Ready-to-use AI prompts for teaching","https://edu.google.com/intl/ALL_us/resources/ai-for-k-12-educators/","2026-07-09"
"prompt-067","双语关键词学习卡","教材生成","AI+Humanities","Language","小学/初中/高中","双语教师","双语词汇卡","ChatGPT/Gemini/Copilot/通义千问","你是一名有经验的教师教练。请围绕「双语词汇」为[年级/课程]设计可直接用于课堂的双语词汇卡。背景：学科或课程为[学科/课程]；主题为[主题]；学生已有基础为[学生基础]；课堂时间为[时间]；可用工具为[工具/设备]。请输出：教师说明、学生材料、例子、分步支架、练习题、参考答案或判断标准、可降低难度和提高挑战的改写版本。最后请列出需要教师人工核查或本地化的信息。","用于Language课堂中围绕「双语词汇」快速生成双语词汇卡，适合教师复制后替换年级、主题和学生基础再使用。","Microsoft Learn AI for education","https://learn.microsoft.com/en-us/training/educator-center/topics/ai-for-education","2026-07-09"
"prompt-068","新闻摘要与观点区分","课堂活动","AI+Humanities","Language","初中/高中/大学","语言/通识教师","新闻阅读单","ChatGPT/Gemini/Copilot/通义千问","你是一名有经验的教师教练。请围绕「新闻阅读」为[年级/课程]设计可直接用于课堂的新闻阅读单。背景：学科或课程为[学科/课程]；主题为[主题]；学生已有基础为[学生基础]；课堂时间为[时间]；可用工具为[工具/设备]。请输出：导入、活动规则、学生步骤、小组安排、教师巡视问题、产出物、分享方式、形成性评价和备用方案。最后请列出需要教师人工核查或本地化的信息。","用于Language课堂中围绕「新闻阅读」快速生成新闻阅读单，适合教师复制后替换年级、主题和学生基础再使用。","Columbia CTL Prompt Library","https://ai.ctl.columbia.edu/explore/prompts/","2026-07-09"
"prompt-069","朗读反馈观察表","评价反馈","AI+Humanities","Language","小学/初中","语言教师","朗读反馈表","ChatGPT/Gemini/Copilot/通义千问","你是一名有经验的教师教练。请围绕「朗读表达」为[年级/课程]设计可直接用于课堂的朗读反馈表。背景：学科或课程为[学科/课程]；主题为[主题]；学生已有基础为[学生基础]；课堂时间为[时间]；可用工具为[工具/设备]。请输出：评价维度、观察证据、反馈句式、学生自评问题、下一步改进建议。反馈要具体、鼓励，不要替学生完成作品。最后请列出需要教师人工核查或本地化的信息。","用于Language课堂中围绕「朗读表达」快速生成朗读反馈表，适合教师复制后替换年级、主题和学生基础再使用。","Teaching Channel 65 AI Prompts for Lesson Planning","https://www.teachingchannel.com/k12-hub/blog/65-ai-prompts-for-lesson-planning/","2026-07-09"
"prompt-070","语言学习自评清单","评价反馈","AI+Humanities","Language","小学/初中/高中/大学","语言教师/学生","自评清单","ChatGPT/Gemini/Copilot/通义千问","你是一名有经验的教学助理。请围绕「语言学习策略」为[年级/课程]设计可直接用于课堂的自评清单。背景：学科或课程为[学科/课程]；主题为[主题]；学生已有基础为[学生基础]；课堂时间为[时间]；可用工具为[工具/设备]。请输出：评价维度、观察证据、反馈句式、学生自评问题、下一步改进建议。反馈要具体、鼓励，不要替学生完成作品。最后请列出需要教师人工核查或本地化的信息。","用于Language课堂中围绕「语言学习策略」快速生成自评清单，适合教师复制后替换年级、主题和学生基础再使用。","Moreland University AI Prompts Guide","https://teach.moreland.edu/ai-prompts-guide","2026-07-09"
"prompt-071","地理地图分析任务单","课堂活动","AI+Humanities","地理/人文","初中/高中","地理教师","地图分析单","ChatGPT/Gemini/Copilot/通义千问","你是一名有经验的教师教练。请围绕「地图阅读」为[年级/课程]设计可直接用于课堂的地图分析单。背景：学科或课程为[学科/课程]；主题为[主题]；学生已有基础为[学生基础]；课堂时间为[时间]；可用工具为[工具/设备]。请输出：导入、活动规则、学生步骤、小组安排、教师巡视问题、产出物、分享方式、形成性评价和备用方案。最后请列出需要教师人工核查或本地化的信息。","用于地理/人文课堂中围绕「地图阅读」快速生成地图分析单，适合教师复制后替换年级、主题和学生基础再使用。","Grow with Google Generative AI for Educators","https://grow.google/ai-for-educators/","2026-07-09"
"prompt-072","历史时间线建构活动","课堂活动","AI+Humanities","历史/人文","小学高年级/初中/高中","历史教师","时间线活动","ChatGPT/Gemini/Copilot/通义千问","你是一名有经验的教师教练。请围绕「历史时间线」为[年级/课程]设计可直接用于课堂的时间线活动。背景：学科或课程为[学科/课程]；主题为[主题]；学生已有基础为[学生基础]；课堂时间为[时间]；可用工具为[工具/设备]。请输出：导入、活动规则、学生步骤、小组安排、教师巡视问题、产出物、分享方式、形成性评价和备用方案。最后请列出需要教师人工核查或本地化的信息。","用于历史/人文课堂中围绕「历史时间线」快速生成时间线活动，适合教师复制后替换年级、主题和学生基础再使用。","AI for Education Prompt Library","https://www.aiforeducation.io/prompt-library","2026-07-09"
"prompt-073","文学人物访谈脚本","项目学习","AI+Humanities","文学/人文","初中/高中/大学","文学教师","角色访谈脚本","ChatGPT/Gemini/Copilot/通义千问","你是一名有经验的教师教练。请围绕「文学人物」为[年级/课程]设计可直接用于课堂的角色访谈脚本。背景：学科或课程为[学科/课程]；主题为[主题]；学生已有基础为[学生基础]；课堂时间为[时间]；可用工具为[工具/设备]。请输出：驱动问题、项目步骤、分工建议、过程检查点、最终作品要求、评价量规、AI可用边界和学生反思问题。最后请列出需要教师人工核查或本地化的信息。","用于文学/人文课堂中围绕「文学人物」快速生成角色访谈脚本，适合教师复制后替换年级、主题和学生基础再使用。","Google for Education Ready-to-use AI prompts for teaching","https://edu.google.com/intl/ALL_us/resources/ai-for-k-12-educators/","2026-07-09"
"prompt-074","公民议题圆桌讨论","课堂活动","AI+Humanities","公民教育","初中/高中","公民/通识教师","圆桌讨论流程","ChatGPT/Gemini/Copilot/通义千问","你是一名有经验的教师教练。请围绕「公民议题」为[年级/课程]设计可直接用于课堂的圆桌讨论流程。背景：学科或课程为[学科/课程]；主题为[主题]；学生已有基础为[学生基础]；课堂时间为[时间]；可用工具为[工具/设备]。请输出：导入、活动规则、学生步骤、小组安排、教师巡视问题、产出物、分享方式、形成性评价和备用方案。最后请列出需要教师人工核查或本地化的信息。","用于公民教育课堂中围绕「公民议题」快速生成圆桌讨论流程，适合教师复制后替换年级、主题和学生基础再使用。","Microsoft Learn AI for education","https://learn.microsoft.com/en-us/training/educator-center/topics/ai-for-education","2026-07-09"
"prompt-075","伦理两难问题讨论单","课堂活动","AI+Humanities","伦理/哲学","高中/大学","人文教师","伦理讨论单","ChatGPT/Gemini/Copilot/通义千问","你是一名有经验的教师教练。请围绕「伦理判断」为[年级/课程]设计可直接用于课堂的伦理讨论单。背景：学科或课程为[学科/课程]；主题为[主题]；学生已有基础为[学生基础]；课堂时间为[时间]；可用工具为[工具/设备]。请输出：导入、活动规则、学生步骤、小组安排、教师巡视问题、产出物、分享方式、形成性评价和备用方案。最后请列出需要教师人工核查或本地化的信息。","用于伦理/哲学课堂中围绕「伦理判断」快速生成伦理讨论单，适合教师复制后替换年级、主题和学生基础再使用。","Columbia CTL Prompt Library","https://ai.ctl.columbia.edu/explore/prompts/","2026-07-09"
"prompt-076","文化比较项目任务书","项目学习","AI+Humanities","文化研究","初中/高中/大学","人文/语言教师","比较项目任务书","ChatGPT/Gemini/Copilot/通义千问","你是一名有经验的教师教练。请围绕「文化比较」为[年级/课程]设计可直接用于课堂的比较项目任务书。背景：学科或课程为[学科/课程]；主题为[主题]；学生已有基础为[学生基础]；课堂时间为[时间]；可用工具为[工具/设备]。请输出：驱动问题、项目步骤、分工建议、过程检查点、最终作品要求、评价量规、AI可用边界和学生反思问题。最后请列出需要教师人工核查或本地化的信息。","用于文化研究课堂中围绕「文化比较」快速生成比较项目任务书，适合教师复制后替换年级、主题和学生基础再使用。","Teaching Channel 65 AI Prompts for Lesson Planning","https://www.teachingchannel.com/k12-hub/blog/65-ai-prompts-for-lesson-planning/","2026-07-09"
"prompt-077","博物馆学习路线设计","备课设计","AI+Humanities","历史/艺术/人文","小学/初中/高中","人文教师","参观学习路线","ChatGPT/Gemini/Copilot/通义千问","你是一名有经验的教师教练。请围绕「博物馆学习」为[年级/课程]设计可直接用于课堂的参观学习路线。背景：学科或课程为[学科/课程]；主题为[主题]；学生已有基础为[学生基础]；课堂时间为[时间]；可用工具为[工具/设备]。请输出：学习目标、关键概念、教学流程、教师提问、学生活动、材料准备、风险提醒、课后延伸。要求时间分配清楚，活动可执行。最后请列出需要教师人工核查或本地化的信息。","用于历史/艺术/人文课堂中围绕「博物馆学习」快速生成参观学习路线，适合教师复制后替换年级、主题和学生基础再使用。","Moreland University AI Prompts Guide","https://teach.moreland.edu/ai-prompts-guide","2026-07-09"
"prompt-078","人文项目展示提纲","评价反馈","AI+Humanities","历史/人文","初中/高中/大学","人文教师/学生","展示提纲与反馈","ChatGPT/Gemini/Copilot/通义千问","你是一名有经验的教学助理。请围绕「项目展示」为[年级/课程]设计可直接用于课堂的展示提纲与反馈。背景：学科或课程为[学科/课程]；主题为[主题]；学生已有基础为[学生基础]；课堂时间为[时间]；可用工具为[工具/设备]。请输出：评价维度、观察证据、反馈句式、学生自评问题、下一步改进建议。反馈要具体、鼓励，不要替学生完成作品。最后请列出需要教师人工核查或本地化的信息。","用于历史/人文课堂中围绕「项目展示」快速生成展示提纲与反馈，适合教师复制后替换年级、主题和学生基础再使用。","Grow with Google Generative AI for Educators","https://grow.google/ai-for-educators/","2026-07-09"
"prompt-079","学生问卷设计检查器","项目学习","AI+Social Sciences","社会科学/数据素养","初中/高中/大学","社会科教师/学生","问卷与检查表","ChatGPT/Gemini/Copilot/通义千问","你是一名有经验的教学助理。请围绕「问卷设计」为[年级/课程]设计可直接用于课堂的问卷与检查表。背景：学科或课程为[学科/课程]；主题为[主题]；学生已有基础为[学生基础]；课堂时间为[时间]；可用工具为[工具/设备]。请输出：驱动问题、项目步骤、分工建议、过程检查点、最终作品要求、评价量规、AI可用边界和学生反思问题。最后请列出需要教师人工核查或本地化的信息。","用于社会科学/数据素养课堂中围绕「问卷设计」快速生成问卷与检查表，适合教师复制后替换年级、主题和学生基础再使用。","AI for Education Prompt Library","https://www.aiforeducation.io/prompt-library","2026-07-09"
"prompt-080","社会数据可视化任务","项目学习","AI+Social Sciences","社会科学/数据素养","初中/高中/大学","社会科/数学教师","数据可视化任务","ChatGPT/Gemini/Copilot/通义千问","你是一名有经验的教师教练。请围绕「社会数据」为[年级/课程]设计可直接用于课堂的数据可视化任务。背景：学科或课程为[学科/课程]；主题为[主题]；学生已有基础为[学生基础]；课堂时间为[时间]；可用工具为[工具/设备]。请输出：驱动问题、项目步骤、分工建议、过程检查点、最终作品要求、评价量规、AI可用边界和学生反思问题。最后请列出需要教师人工核查或本地化的信息。","用于社会科学/数据素养课堂中围绕「社会数据」快速生成数据可视化任务，适合教师复制后替换年级、主题和学生基础再使用。","Google for Education Ready-to-use AI prompts for teaching","https://edu.google.com/intl/ALL_us/resources/ai-for-k-12-educators/","2026-07-09"
"prompt-081","公共政策影响分析框架","课堂活动","AI+Social Sciences","公民/公共政策","高中/大学","社会科教师","政策分析框架","ChatGPT/Gemini/Copilot/通义千问","你是一名有经验的教师教练。请围绕「政策影响」为[年级/课程]设计可直接用于课堂的政策分析框架。背景：学科或课程为[学科/课程]；主题为[主题]；学生已有基础为[学生基础]；课堂时间为[时间]；可用工具为[工具/设备]。请输出：导入、活动规则、学生步骤、小组安排、教师巡视问题、产出物、分享方式、形成性评价和备用方案。最后请列出需要教师人工核查或本地化的信息。","用于公民/公共政策课堂中围绕「政策影响」快速生成政策分析框架，适合教师复制后替换年级、主题和学生基础再使用。","Microsoft Learn AI for education","https://learn.microsoft.com/en-us/training/educator-center/topics/ai-for-education","2026-07-09"
"prompt-082","媒体素养标题分析","课堂活动","AI+Social Sciences","媒体素养","小学高年级/初中/高中","社会科/语言教师","标题分析活动","ChatGPT/Gemini/Copilot/通义千问","你是一名有经验的教师教练。请围绕「媒体标题」为[年级/课程]设计可直接用于课堂的标题分析活动。背景：学科或课程为[学科/课程]；主题为[主题]；学生已有基础为[学生基础]；课堂时间为[时间]；可用工具为[工具/设备]。请输出：导入、活动规则、学生步骤、小组安排、教师巡视问题、产出物、分享方式、形成性评价和备用方案。最后请列出需要教师人工核查或本地化的信息。","用于媒体素养课堂中围绕「媒体标题」快速生成标题分析活动，适合教师复制后替换年级、主题和学生基础再使用。","Columbia CTL Prompt Library","https://ai.ctl.columbia.edu/explore/prompts/","2026-07-09"
"prompt-083","经济决策角色卡","课堂活动","AI+Social Sciences","Business / Economics","初中/高中/大学","经济/商科教师","角色卡","ChatGPT/Gemini/Copilot/通义千问","你是一名有经验的教师教练。请围绕「经济决策」为[年级/课程]设计可直接用于课堂的角色卡。背景：学科或课程为[学科/课程]；主题为[主题]；学生已有基础为[学生基础]；课堂时间为[时间]；可用工具为[工具/设备]。请输出：导入、活动规则、学生步骤、小组安排、教师巡视问题、产出物、分享方式、形成性评价和备用方案。最后请列出需要教师人工核查或本地化的信息。","用于Business / Economics课堂中围绕「经济决策」快速生成角色卡，适合教师复制后替换年级、主题和学生基础再使用。","Teaching Channel 65 AI Prompts for Lesson Planning","https://www.teachingchannel.com/k12-hub/blog/65-ai-prompts-for-lesson-planning/","2026-07-09"
"prompt-084","社区调查项目规划","项目学习","AI+Social Sciences","社会研究/公民教育","初中/高中","社会科教师","社区调查计划","ChatGPT/Gemini/Copilot/通义千问","你是一名有经验的教师教练。请围绕「社区研究」为[年级/课程]设计可直接用于课堂的社区调查计划。背景：学科或课程为[学科/课程]；主题为[主题]；学生已有基础为[学生基础]；课堂时间为[时间]；可用工具为[工具/设备]。请输出：驱动问题、项目步骤、分工建议、过程检查点、最终作品要求、评价量规、AI可用边界和学生反思问题。最后请列出需要教师人工核查或本地化的信息。","用于社会研究/公民教育课堂中围绕「社区研究」快速生成社区调查计划，适合教师复制后替换年级、主题和学生基础再使用。","Moreland University AI Prompts Guide","https://teach.moreland.edu/ai-prompts-guide","2026-07-09"
"prompt-085","可持续发展行动方案","项目学习","AI+Social Sciences","地理/公民/经济","初中/高中/大学","社会科教师","行动方案任务书","ChatGPT/Gemini/Copilot/通义千问","你是一名有经验的教师教练。请围绕「可持续发展」为[年级/课程]设计可直接用于课堂的行动方案任务书。背景：学科或课程为[学科/课程]；主题为[主题]；学生已有基础为[学生基础]；课堂时间为[时间]；可用工具为[工具/设备]。请输出：驱动问题、项目步骤、分工建议、过程检查点、最终作品要求、评价量规、AI可用边界和学生反思问题。最后请列出需要教师人工核查或本地化的信息。","用于地理/公民/经济课堂中围绕「可持续发展」快速生成行动方案任务书，适合教师复制后替换年级、主题和学生基础再使用。","Grow with Google Generative AI for Educators","https://grow.google/ai-for-educators/","2026-07-09"
"prompt-086","新闻事实核查流程单","课堂活动","AI+Social Sciences","媒体素养","初中/高中/大学","社会科/语言教师","事实核查流程","ChatGPT/Gemini/Copilot/通义千问","你是一名有经验的教师教练。请围绕「新闻核查」为[年级/课程]设计可直接用于课堂的事实核查流程。背景：学科或课程为[学科/课程]；主题为[主题]；学生已有基础为[学生基础]；课堂时间为[时间]；可用工具为[工具/设备]。请输出：导入、活动规则、学生步骤、小组安排、教师巡视问题、产出物、分享方式、形成性评价和备用方案。最后请列出需要教师人工核查或本地化的信息。","用于媒体素养课堂中围绕「新闻核查」快速生成事实核查流程，适合教师复制后替换年级、主题和学生基础再使用。","AI for Education Prompt Library","https://www.aiforeducation.io/prompt-library","2026-07-09"
"prompt-087","公益海报设计简报","项目学习","AI+Humanities","Arts & Design","小学/初中/高中","艺术/设计教师","设计简报","ChatGPT/Gemini/Copilot/通义千问","你是一名有经验的教师教练。请围绕「海报设计」为[年级/课程]设计可直接用于课堂的设计简报。背景：学科或课程为[学科/课程]；主题为[主题]；学生已有基础为[学生基础]；课堂时间为[时间]；可用工具为[工具/设备]。请输出：驱动问题、项目步骤、分工建议、过程检查点、最终作品要求、评价量规、AI可用边界和学生反思问题。最后请列出需要教师人工核查或本地化的信息。","用于Arts & Design课堂中围绕「海报设计」快速生成设计简报，适合教师复制后替换年级、主题和学生基础再使用。","Google for Education Ready-to-use AI prompts for teaching","https://edu.google.com/intl/ALL_us/resources/ai-for-k-12-educators/","2026-07-09"
"prompt-088","摄影观察与构图练习","课堂活动","AI+Humanities","Arts & Design","小学/初中/高中","艺术教师","摄影练习单","ChatGPT/Gemini/Copilot/通义千问","你是一名有经验的教师教练。请围绕「摄影构图」为[年级/课程]设计可直接用于课堂的摄影练习单。背景：学科或课程为[学科/课程]；主题为[主题]；学生已有基础为[学生基础]；课堂时间为[时间]；可用工具为[工具/设备]。请输出：导入、活动规则、学生步骤、小组安排、教师巡视问题、产出物、分享方式、形成性评价和备用方案。最后请列出需要教师人工核查或本地化的信息。","用于Arts & Design课堂中围绕「摄影构图」快速生成摄影练习单，适合教师复制后替换年级、主题和学生基础再使用。","Microsoft Learn AI for education","https://learn.microsoft.com/en-us/training/educator-center/topics/ai-for-education","2026-07-09"
"prompt-089","设计迭代反馈表","评价反馈","AI+Humanities","Arts & Design","初中/高中/大学","设计教师/学生","迭代反馈表","ChatGPT/Gemini/Copilot/通义千问","你是一名有经验的教学助理。请围绕「设计迭代」为[年级/课程]设计可直接用于课堂的迭代反馈表。背景：学科或课程为[学科/课程]；主题为[主题]；学生已有基础为[学生基础]；课堂时间为[时间]；可用工具为[工具/设备]。请输出：评价维度、观察证据、反馈句式、学生自评问题、下一步改进建议。反馈要具体、鼓励，不要替学生完成作品。最后请列出需要教师人工核查或本地化的信息。","用于Arts & Design课堂中围绕「设计迭代」快速生成迭代反馈表，适合教师复制后替换年级、主题和学生基础再使用。","Columbia CTL Prompt Library","https://ai.ctl.columbia.edu/explore/prompts/","2026-07-09"
"prompt-090","艺术家风格比较单","教材生成","AI+Humanities","Arts & Design","小学高年级/初中/高中","艺术教师","比较学习单","ChatGPT/Gemini/Copilot/通义千问","你是一名有经验的教师教练。请围绕「艺术风格」为[年级/课程]设计可直接用于课堂的比较学习单。背景：学科或课程为[学科/课程]；主题为[主题]；学生已有基础为[学生基础]；课堂时间为[时间]；可用工具为[工具/设备]。请输出：教师说明、学生材料、例子、分步支架、练习题、参考答案或判断标准、可降低难度和提高挑战的改写版本。最后请列出需要教师人工核查或本地化的信息。","用于Arts & Design课堂中围绕「艺术风格」快速生成比较学习单，适合教师复制后替换年级、主题和学生基础再使用。","Teaching Channel 65 AI Prompts for Lesson Planning","https://www.teachingchannel.com/k12-hub/blog/65-ai-prompts-for-lesson-planning/","2026-07-09"
"prompt-091","戏剧角色热座问题","课堂活动","AI+Humanities","戏剧/表演艺术","小学/初中/高中","戏剧/语言教师","热座问题卡","ChatGPT/Gemini/Copilot/通义千问","你是一名有经验的教师教练。请围绕「戏剧角色」为[年级/课程]设计可直接用于课堂的热座问题卡。背景：学科或课程为[学科/课程]；主题为[主题]；学生已有基础为[学生基础]；课堂时间为[时间]；可用工具为[工具/设备]。请输出：导入、活动规则、学生步骤、小组安排、教师巡视问题、产出物、分享方式、形成性评价和备用方案。最后请列出需要教师人工核查或本地化的信息。","用于戏剧/表演艺术课堂中围绕「戏剧角色」快速生成热座问题卡，适合教师复制后替换年级、主题和学生基础再使用。","Moreland University AI Prompts Guide","https://teach.moreland.edu/ai-prompts-guide","2026-07-09"
"prompt-092","歌词创作支架","教材生成","AI+Humanities","Arts & Design","小学/初中/高中","音乐/语言教师","歌词创作支架","ChatGPT/Gemini/Copilot/通义千问","你是一名有经验的教师教练。请围绕「歌词创作」为[年级/课程]设计可直接用于课堂的歌词创作支架。背景：学科或课程为[学科/课程]；主题为[主题]；学生已有基础为[学生基础]；课堂时间为[时间]；可用工具为[工具/设备]。请输出：教师说明、学生材料、例子、分步支架、练习题、参考答案或判断标准、可降低难度和提高挑战的改写版本。最后请列出需要教师人工核查或本地化的信息。","用于Arts & Design课堂中围绕「歌词创作」快速生成歌词创作支架，适合教师复制后替换年级、主题和学生基础再使用。","Grow with Google Generative AI for Educators","https://grow.google/ai-for-educators/","2026-07-09"
"prompt-093","AI图像批判观察单","课堂活动","AI+Humanities","Arts & Design","初中/高中/大学","艺术/媒体教师","图像批判单","ChatGPT/Gemini/Copilot/通义千问","你是一名有经验的教师教练。请围绕「AI图像」为[年级/课程]设计可直接用于课堂的图像批判单。背景：学科或课程为[学科/课程]；主题为[主题]；学生已有基础为[学生基础]；课堂时间为[时间]；可用工具为[工具/设备]。请输出：导入、活动规则、学生步骤、小组安排、教师巡视问题、产出物、分享方式、形成性评价和备用方案。最后请列出需要教师人工核查或本地化的信息。","用于Arts & Design课堂中围绕「AI图像」快速生成图像批判单，适合教师复制后替换年级、主题和学生基础再使用。","AI for Education Prompt Library","https://www.aiforeducation.io/prompt-library","2026-07-09"
"prompt-094","学生作品陈述生成器","学生支持","AI+Humanities","Arts & Design","小学/初中/高中/大学","艺术教师/学生","作品陈述草稿","ChatGPT/Gemini/Copilot/通义千问","你是一名有经验的教学助理。请围绕「作品陈述」为[年级/课程]设计可直接用于课堂的作品陈述草稿。背景：学科或课程为[学科/课程]；主题为[主题]；学生已有基础为[学生基础]；课堂时间为[时间]；可用工具为[工具/设备]。请输出：学生可能遇到的障碍、保持目标不变的支架、逐步提示、可视化工具、替代表达方式和鼓励性反馈语。最后请列出需要教师人工核查或本地化的信息。","用于Arts & Design课堂中围绕「作品陈述」快速生成作品陈述草稿，适合教师复制后替换年级、主题和学生基础再使用。","Google for Education Ready-to-use AI prompts for teaching","https://edu.google.com/intl/ALL_us/resources/ai-for-k-12-educators/","2026-07-09"
"prompt-095","商业模式画布课堂版","项目学习","AI+Social Sciences","Business / Economics","高中/大学","商科教师/学生","商业模式画布","ChatGPT/Gemini/Copilot/通义千问","你是一名有经验的教学助理。请围绕「商业模式」为[年级/课程]设计可直接用于课堂的商业模式画布。背景：学科或课程为[学科/课程]；主题为[主题]；学生已有基础为[学生基础]；课堂时间为[时间]；可用工具为[工具/设备]。请输出：驱动问题、项目步骤、分工建议、过程检查点、最终作品要求、评价量规、AI可用边界和学生反思问题。最后请列出需要教师人工核查或本地化的信息。","用于Business / Economics课堂中围绕「商业模式」快速生成商业模式画布，适合教师复制后替换年级、主题和学生基础再使用。","Microsoft Learn AI for education","https://learn.microsoft.com/en-us/training/educator-center/topics/ai-for-education","2026-07-09"
"prompt-096","市场细分案例卡","教材生成","AI+Social Sciences","Business / Economics","高中/大学","商科教师","案例卡","ChatGPT/Gemini/Copilot/通义千问","你是一名有经验的教师教练。请围绕「市场细分」为[年级/课程]设计可直接用于课堂的案例卡。背景：学科或课程为[学科/课程]；主题为[主题]；学生已有基础为[学生基础]；课堂时间为[时间]；可用工具为[工具/设备]。请输出：教师说明、学生材料、例子、分步支架、练习题、参考答案或判断标准、可降低难度和提高挑战的改写版本。最后请列出需要教师人工核查或本地化的信息。","用于Business / Economics课堂中围绕「市场细分」快速生成案例卡，适合教师复制后替换年级、主题和学生基础再使用。","Columbia CTL Prompt Library","https://ai.ctl.columbia.edu/explore/prompts/","2026-07-09"
"prompt-097","项目预算与取舍表","课堂活动","AI+Social Sciences","Business / Economics","高中/大学","商科/经济教师","预算表","ChatGPT/Gemini/Copilot/通义千问","你是一名有经验的教师教练。请围绕「项目预算」为[年级/课程]设计可直接用于课堂的预算表。背景：学科或课程为[学科/课程]；主题为[主题]；学生已有基础为[学生基础]；课堂时间为[时间]；可用工具为[工具/设备]。请输出：导入、活动规则、学生步骤、小组安排、教师巡视问题、产出物、分享方式、形成性评价和备用方案。最后请列出需要教师人工核查或本地化的信息。","用于Business / Economics课堂中围绕「项目预算」快速生成预算表，适合教师复制后替换年级、主题和学生基础再使用。","Teaching Channel 65 AI Prompts for Lesson Planning","https://www.teachingchannel.com/k12-hub/blog/65-ai-prompts-for-lesson-planning/","2026-07-09"
"prompt-098","品牌定位练习单","课堂活动","AI+Social Sciences","Business / Economics","高中/大学","商科/设计教师","定位练习单","ChatGPT/Gemini/Copilot/通义千问","你是一名有经验的教师教练。请围绕「品牌定位」为[年级/课程]设计可直接用于课堂的定位练习单。背景：学科或课程为[学科/课程]；主题为[主题]；学生已有基础为[学生基础]；课堂时间为[时间]；可用工具为[工具/设备]。请输出：导入、活动规则、学生步骤、小组安排、教师巡视问题、产出物、分享方式、形成性评价和备用方案。最后请列出需要教师人工核查或本地化的信息。","用于Business / Economics课堂中围绕「品牌定位」快速生成定位练习单，适合教师复制后替换年级、主题和学生基础再使用。","Moreland University AI Prompts Guide","https://teach.moreland.edu/ai-prompts-guide","2026-07-09"
"prompt-099","供应链风险模拟","项目学习","AI+Social Sciences","Business / Economics","高中/大学","商科/经济教师","模拟活动","ChatGPT/Gemini/Copilot/通义千问","你是一名有经验的教师教练。请围绕「供应链风险」为[年级/课程]设计可直接用于课堂的模拟活动。背景：学科或课程为[学科/课程]；主题为[主题]；学生已有基础为[学生基础]；课堂时间为[时间]；可用工具为[工具/设备]。请输出：驱动问题、项目步骤、分工建议、过程检查点、最终作品要求、评价量规、AI可用边界和学生反思问题。最后请列出需要教师人工核查或本地化的信息。","用于Business / Economics课堂中围绕「供应链风险」快速生成模拟活动，适合教师复制后替换年级、主题和学生基础再使用。","Grow with Google Generative AI for Educators","https://grow.google/ai-for-educators/","2026-07-09"
"prompt-100","创业Pitch反馈量规","评价反馈","AI+Social Sciences","Business / Economics","高中/大学","商科教师/学生","Pitch评价量规","ChatGPT/Gemini/Copilot/通义千问","你是一名有经验的教学助理。请围绕「创业展示」为[年级/课程]设计可直接用于课堂的Pitch评价量规。背景：学科或课程为[学科/课程]；主题为[主题]；学生已有基础为[学生基础]；课堂时间为[时间]；可用工具为[工具/设备]。请输出：评价维度、观察证据、反馈句式、学生自评问题、下一步改进建议。反馈要具体、鼓励，不要替学生完成作品。最后请列出需要教师人工核查或本地化的信息。","用于Business / Economics课堂中围绕「创业展示」快速生成Pitch评价量规，适合教师复制后替换年级、主题和学生基础再使用。","AI for Education Prompt Library","https://www.aiforeducation.io/prompt-library","2026-07-09"
"prompt-101","提示词改写练习","课堂活动","AI Literacy","AI素养","小学高年级/初中/高中/大学","教师/学生","提示词练习单","ChatGPT/Gemini/Copilot/通义千问","你是一名有经验的教学助理。请围绕「提示词素养」为[年级/课程]设计可直接用于课堂的提示词练习单。背景：学科或课程为[学科/课程]；主题为[主题]；学生已有基础为[学生基础]；课堂时间为[时间]；可用工具为[工具/设备]。请输出：导入、活动规则、学生步骤、小组安排、教师巡视问题、产出物、分享方式、形成性评价和备用方案。最后请列出需要教师人工核查或本地化的信息。","用于AI素养课堂中围绕「提示词素养」快速生成提示词练习单，适合教师复制后替换年级、主题和学生基础再使用。","Google for Education Ready-to-use AI prompts for teaching","https://edu.google.com/intl/ALL_us/resources/ai-for-k-12-educators/","2026-07-09"
"prompt-102","班级AI使用协议草案","备课设计","AI Literacy","AI素养","小学/初中/高中","教师/班主任","班级协议","ChatGPT/Gemini/Copilot/通义千问","你是一名有经验的教师教练。请围绕「AI使用规范」为[年级/课程]设计可直接用于课堂的班级协议。背景：学科或课程为[学科/课程]；主题为[主题]；学生已有基础为[学生基础]；课堂时间为[时间]；可用工具为[工具/设备]。请输出：学习目标、关键概念、教学流程、教师提问、学生活动、材料准备、风险提醒、课后延伸。要求时间分配清楚，活动可执行。最后请列出需要教师人工核查或本地化的信息。","用于AI素养课堂中围绕「AI使用规范」快速生成班级协议，适合教师复制后替换年级、主题和学生基础再使用。","Microsoft Learn AI for education","https://learn.microsoft.com/en-us/training/educator-center/topics/ai-for-education","2026-07-09"
"prompt-103","数据偏见情境卡","课堂活动","AI Literacy","AI素养","初中/高中/大学","教师/学生","情境卡","ChatGPT/Gemini/Copilot/通义千问","你是一名有经验的教学助理。请围绕「数据偏见」为[年级/课程]设计可直接用于课堂的情境卡。背景：学科或课程为[学科/课程]；主题为[主题]；学生已有基础为[学生基础]；课堂时间为[时间]；可用工具为[工具/设备]。请输出：导入、活动规则、学生步骤、小组安排、教师巡视问题、产出物、分享方式、形成性评价和备用方案。最后请列出需要教师人工核查或本地化的信息。","用于AI素养课堂中围绕「数据偏见」快速生成情境卡，适合教师复制后替换年级、主题和学生基础再使用。","Columbia CTL Prompt Library","https://ai.ctl.columbia.edu/explore/prompts/","2026-07-09"
"prompt-104","人机协作反思日志","评价反馈","AI Literacy","AI素养","小学高年级/初中/高中/大学","教师/学生","反思日志","ChatGPT/Gemini/Copilot/通义千问","你是一名有经验的教学助理。请围绕「人机协作」为[年级/课程]设计可直接用于课堂的反思日志。背景：学科或课程为[学科/课程]；主题为[主题]；学生已有基础为[学生基础]；课堂时间为[时间]；可用工具为[工具/设备]。请输出：评价维度、观察证据、反馈句式、学生自评问题、下一步改进建议。反馈要具体、鼓励，不要替学生完成作品。最后请列出需要教师人工核查或本地化的信息。","用于AI素养课堂中围绕「人机协作」快速生成反思日志，适合教师复制后替换年级、主题和学生基础再使用。","Teaching Channel 65 AI Prompts for Lesson Planning","https://www.teachingchannel.com/k12-hub/blog/65-ai-prompts-for-lesson-planning/","2026-07-09"
"prompt-105","生成图像版权讨论","课堂活动","AI Literacy","AI素养","初中/高中/大学","艺术/媒体教师","版权讨论单","ChatGPT/Gemini/Copilot/通义千问","你是一名有经验的教师教练。请围绕「生成图像版权」为[年级/课程]设计可直接用于课堂的版权讨论单。背景：学科或课程为[学科/课程]；主题为[主题]；学生已有基础为[学生基础]；课堂时间为[时间]；可用工具为[工具/设备]。请输出：导入、活动规则、学生步骤、小组安排、教师巡视问题、产出物、分享方式、形成性评价和备用方案。最后请列出需要教师人工核查或本地化的信息。","用于AI素养课堂中围绕「生成图像版权」快速生成版权讨论单，适合教师复制后替换年级、主题和学生基础再使用。","Moreland University AI Prompts Guide","https://teach.moreland.edu/ai-prompts-guide","2026-07-09"
"prompt-106","AI事实核查三步法","课堂活动","AI Literacy","AI素养","小学高年级/初中/高中/大学","教师/学生","核查流程单","ChatGPT/Gemini/Copilot/通义千问","你是一名有经验的教学助理。请围绕「事实核查」为[年级/课程]设计可直接用于课堂的核查流程单。背景：学科或课程为[学科/课程]；主题为[主题]；学生已有基础为[学生基础]；课堂时间为[时间]；可用工具为[工具/设备]。请输出：导入、活动规则、学生步骤、小组安排、教师巡视问题、产出物、分享方式、形成性评价和备用方案。最后请列出需要教师人工核查或本地化的信息。","用于AI素养课堂中围绕「事实核查」快速生成核查流程单，适合教师复制后替换年级、主题和学生基础再使用。","Grow with Google Generative AI for Educators","https://grow.google/ai-for-educators/","2026-07-09"
"prompt-107","隐私保护情境判断","练习与作业","AI Literacy","AI素养","小学高年级/初中/高中","教师/学生","情境判断题","ChatGPT/Gemini/Copilot/通义千问","你是一名有经验的教学助理。请围绕「隐私保护」为[年级/课程]设计可直接用于课堂的情境判断题。背景：学科或课程为[学科/课程]；主题为[主题]；学生已有基础为[学生基础]；课堂时间为[时间]；可用工具为[工具/设备]。请输出：5-8个由易到难的任务、答案或评分要点、常见错误提醒、给快速完成学生的挑战题，以及给需要支持学生的提示。最后请列出需要教师人工核查或本地化的信息。","用于AI素养课堂中围绕「隐私保护」快速生成情境判断题，适合教师复制后替换年级、主题和学生基础再使用。","AI for Education Prompt Library","https://www.aiforeducation.io/prompt-library","2026-07-09"
"prompt-108","AI伦理辩论准备","项目学习","AI Literacy","AI素养","高中/大学","教师/学生","辩论准备单","ChatGPT/Gemini/Copilot/通义千问","你是一名有经验的教学助理。请围绕「AI伦理」为[年级/课程]设计可直接用于课堂的辩论准备单。背景：学科或课程为[学科/课程]；主题为[主题]；学生已有基础为[学生基础]；课堂时间为[时间]；可用工具为[工具/设备]。请输出：驱动问题、项目步骤、分工建议、过程检查点、最终作品要求、评价量规、AI可用边界和学生反思问题。最后请列出需要教师人工核查或本地化的信息。","用于AI素养课堂中围绕「AI伦理」快速生成辩论准备单，适合教师复制后替换年级、主题和学生基础再使用。","Google for Education Ready-to-use AI prompts for teaching","https://edu.google.com/intl/ALL_us/resources/ai-for-k-12-educators/","2026-07-09"
"prompt-109","模型局限小实验","课堂活动","AI Literacy","AI素养","初中/高中/大学","教师/学生","小实验活动","ChatGPT/Gemini/Copilot/通义千问","你是一名有经验的教学助理。请围绕「模型局限」为[年级/课程]设计可直接用于课堂的小实验活动。背景：学科或课程为[学科/课程]；主题为[主题]；学生已有基础为[学生基础]；课堂时间为[时间]；可用工具为[工具/设备]。请输出：导入、活动规则、学生步骤、小组安排、教师巡视问题、产出物、分享方式、形成性评价和备用方案。最后请列出需要教师人工核查或本地化的信息。","用于AI素养课堂中围绕「模型局限」快速生成小实验活动，适合教师复制后替换年级、主题和学生基础再使用。","Microsoft Learn AI for education","https://learn.microsoft.com/en-us/training/educator-center/topics/ai-for-education","2026-07-09"
"prompt-110","学生AI使用日志模板","评价反馈","AI Literacy","AI素养","小学高年级/初中/高中/大学","教师/学生","AI使用日志","ChatGPT/Gemini/Copilot/通义千问","你是一名有经验的教学助理。请围绕「AI学习记录」为[年级/课程]设计可直接用于课堂的AI使用日志。背景：学科或课程为[学科/课程]；主题为[主题]；学生已有基础为[学生基础]；课堂时间为[时间]；可用工具为[工具/设备]。请输出：评价维度、观察证据、反馈句式、学生自评问题、下一步改进建议。反馈要具体、鼓励，不要替学生完成作品。最后请列出需要教师人工核查或本地化的信息。","用于AI素养课堂中围绕「AI学习记录」快速生成AI使用日志，适合教师复制后替换年级、主题和学生基础再使用。","Columbia CTL Prompt Library","https://ai.ctl.columbia.edu/explore/prompts/","2026-07-09"
"prompt-111","临时代课快速教案","备课设计","AI for Teaching & Assessment","通用备课","小学/中学","教师/科组长","代课教案","ChatGPT/Gemini/Copilot/通义千问","你是一名有经验的教师教练。请围绕「代课安排」为[年级/课程]设计可直接用于课堂的代课教案。背景：学科或课程为[学科/课程]；主题为[主题]；学生已有基础为[学生基础]；课堂时间为[时间]；可用工具为[工具/设备]。请输出：学习目标、关键概念、教学流程、教师提问、学生活动、材料准备、风险提醒、课后延伸。要求时间分配清楚，活动可执行。最后请列出需要教师人工核查或本地化的信息。","用于通用备课课堂中围绕「代课安排」快速生成代课教案，适合教师复制后替换年级、主题和学生基础再使用。","Teaching Channel 65 AI Prompts for Lesson Planning","https://www.teachingchannel.com/k12-hub/blog/65-ai-prompts-for-lesson-planning/","2026-07-09"
"prompt-112","教师会议纪要整理","备课设计","AI for Teaching & Assessment","行政与教学管理","小学/中学/高等教育","教师/学校行政","会议纪要","ChatGPT/Gemini/Copilot/通义千问","你是一名有经验的教师教练。请围绕「会议整理」为[年级/课程]设计可直接用于课堂的会议纪要。背景：学科或课程为[学科/课程]；主题为[主题]；学生已有基础为[学生基础]；课堂时间为[时间]；可用工具为[工具/设备]。请输出：学习目标、关键概念、教学流程、教师提问、学生活动、材料准备、风险提醒、课后延伸。要求时间分配清楚，活动可执行。最后请列出需要教师人工核查或本地化的信息。","用于行政与教学管理课堂中围绕「会议整理」快速生成会议纪要，适合教师复制后替换年级、主题和学生基础再使用。","Moreland University AI Prompts Guide","https://teach.moreland.edu/ai-prompts-guide","2026-07-09"
"prompt-113","课堂观察反馈问题","评价反馈","AI for Teaching & Assessment","教师专业发展","小学/中学","科组长/导师教师","课堂观察反馈","ChatGPT/Gemini/Copilot/通义千问","你是一名有经验的教师教练。请围绕「课堂观察」为[年级/课程]设计可直接用于课堂的课堂观察反馈。背景：学科或课程为[学科/课程]；主题为[主题]；学生已有基础为[学生基础]；课堂时间为[时间]；可用工具为[工具/设备]。请输出：评价维度、观察证据、反馈句式、学生自评问题、下一步改进建议。反馈要具体、鼓励，不要替学生完成作品。最后请列出需要教师人工核查或本地化的信息。","用于教师专业发展课堂中围绕「课堂观察」快速生成课堂观察反馈，适合教师复制后替换年级、主题和学生基础再使用。","Grow with Google Generative AI for Educators","https://grow.google/ai-for-educators/","2026-07-09"
"prompt-114","教师AI培训活动设计","课堂活动","AI for Teaching & Assessment","教师专业发展","小学/中学/高等教育","教师培训者","培训活动方案","ChatGPT/Gemini/Copilot/通义千问","你是一名有经验的教师教练。请围绕「教师培训」为[年级/课程]设计可直接用于课堂的培训活动方案。背景：学科或课程为[学科/课程]；主题为[主题]；学生已有基础为[学生基础]；课堂时间为[时间]；可用工具为[工具/设备]。请输出：导入、活动规则、学生步骤、小组安排、教师巡视问题、产出物、分享方式、形成性评价和备用方案。最后请列出需要教师人工核查或本地化的信息。","用于教师专业发展课堂中围绕「教师培训」快速生成培训活动方案，适合教师复制后替换年级、主题和学生基础再使用。","AI for Education Prompt Library","https://www.aiforeducation.io/prompt-library","2026-07-09"
"prompt-115","个别学生学习计划","学生支持","AI for Teaching & Assessment","学生支持","小学/中学","教师/学习支持团队","学习支持计划","ChatGPT/Gemini/Copilot/通义千问","你是一名有经验的教师教练。请围绕「个别支持」为[年级/课程]设计可直接用于课堂的学习支持计划。背景：学科或课程为[学科/课程]；主题为[主题]；学生已有基础为[学生基础]；课堂时间为[时间]；可用工具为[工具/设备]。请输出：学生可能遇到的障碍、保持目标不变的支架、逐步提示、可视化工具、替代表达方式和鼓励性反馈语。最后请列出需要教师人工核查或本地化的信息。","用于学生支持课堂中围绕「个别支持」快速生成学习支持计划，适合教师复制后替换年级、主题和学生基础再使用。","Google for Education Ready-to-use AI prompts for teaching","https://edu.google.com/intl/ALL_us/resources/ai-for-k-12-educators/","2026-07-09"
"prompt-116","新来港学生语言支架","差异化支持","AI for Teaching & Assessment","学生支持/语言支援","小学/中学","教师/语言支援教师","语言支架清单","ChatGPT/Gemini/Copilot/通义千问","你是一名有经验的教师教练。请围绕「新来港学生」为[年级/课程]设计可直接用于课堂的语言支架清单。背景：学科或课程为[学科/课程]；主题为[主题]；学生已有基础为[学生基础]；课堂时间为[时间]；可用工具为[工具/设备]。请输出：基础版、标准版、挑战版三组任务；每组保留同一学习目标，并给出教师巡视观察点和学生可用支架。最后请列出需要教师人工核查或本地化的信息。","用于学生支持/语言支援课堂中围绕「新来港学生」快速生成语言支架清单，适合教师复制后替换年级、主题和学生基础再使用。","Microsoft Learn AI for education","https://learn.microsoft.com/en-us/training/educator-center/topics/ai-for-education","2026-07-09"
"prompt-117","低门槛复习活动","差异化支持","AI for Teaching & Assessment","通用复习","小学/中学","教师","复习活动","ChatGPT/Gemini/Copilot/通义千问","你是一名有经验的教师教练。请围绕「补底复习」为[年级/课程]设计可直接用于课堂的复习活动。背景：学科或课程为[学科/课程]；主题为[主题]；学生已有基础为[学生基础]；课堂时间为[时间]；可用工具为[工具/设备]。请输出：基础版、标准版、挑战版三组任务；每组保留同一学习目标，并给出教师巡视观察点和学生可用支架。最后请列出需要教师人工核查或本地化的信息。","用于通用复习课堂中围绕「补底复习」快速生成复习活动，适合教师复制后替换年级、主题和学生基础再使用。","Columbia CTL Prompt Library","https://ai.ctl.columbia.edu/explore/prompts/","2026-07-09"
"prompt-118","家长会谈话准备单","家校沟通","AI for Teaching & Assessment","家校沟通","小学/中学","教师/班主任","会谈准备单","ChatGPT/Gemini/Copilot/通义千问","你是一名有经验的教师教练。请围绕「家长会」为[年级/课程]设计可直接用于课堂的会谈准备单。背景：学科或课程为[学科/课程]；主题为[主题]；学生已有基础为[学生基础]；课堂时间为[时间]；可用工具为[工具/设备]。请输出：会谈目标、核心信息、家长可能关心的问题、教师回应话术、后续行动清单，并避免透露其他学生隐私。最后请列出需要教师人工核查或本地化的信息。","用于家校沟通课堂中围绕「家长会」快速生成会谈准备单，适合教师复制后替换年级、主题和学生基础再使用。","Teaching Channel 65 AI Prompts for Lesson Planning","https://www.teachingchannel.com/k12-hub/blog/65-ai-prompts-for-lesson-planning/","2026-07-09"
"prompt-119","学习目标学生版改写","教材生成","AI for Teaching & Assessment","通用备课","小学/中学","教师","学生版学习目标","ChatGPT/Gemini/Copilot/通义千问","你是一名有经验的教师教练。请围绕「学习目标」为[年级/课程]设计可直接用于课堂的学生版学习目标。背景：学科或课程为[学科/课程]；主题为[主题]；学生已有基础为[学生基础]；课堂时间为[时间]；可用工具为[工具/设备]。请输出：教师说明、学生材料、例子、分步支架、练习题、参考答案或判断标准、可降低难度和提高挑战的改写版本。最后请列出需要教师人工核查或本地化的信息。","用于通用备课课堂中围绕「学习目标」快速生成学生版学习目标，适合教师复制后替换年级、主题和学生基础再使用。","Moreland University AI Prompts Guide","https://teach.moreland.edu/ai-prompts-guide","2026-07-09"
"prompt-120","课堂提问升级器","课堂活动","AI for Teaching & Assessment","通用课堂活动","小学/中学/高等教育","教师","提问序列","ChatGPT/Gemini/Copilot/通义千问","你是一名有经验的教师教练。请围绕「课堂提问」为[年级/课程]设计可直接用于课堂的提问序列。背景：学科或课程为[学科/课程]；主题为[主题]；学生已有基础为[学生基础]；课堂时间为[时间]；可用工具为[工具/设备]。请输出：导入、活动规则、学生步骤、小组安排、教师巡视问题、产出物、分享方式、形成性评价和备用方案。最后请列出需要教师人工核查或本地化的信息。","用于通用课堂活动课堂中围绕「课堂提问」快速生成提问序列，适合教师复制后替换年级、主题和学生基础再使用。","Grow with Google Generative AI for Educators","https://grow.google/ai-for-educators/","2026-07-09"
